{
  "cmd": "fio --name=seq_read_128k --filename=/dev/nvme1n1 --rw=read --bs=128k --iodepth=32 --numjobs=1 --ioengine=libaio --direct=1 --thread=1 --group_reporting=1 --size=536870912 --offset=3221225472 --output-format=json",
  "returncode": 0,
  "duration_sec": 0.484,
  "stdout": "{\n  \"fio version\" : \"fio-3.28\",\n  \"timestamp\" : 1773485019,\n  \"timestamp_ms\" : 1773485019039,\n  \"time\" : \"Sat Mar 14 18:43:39 2026\",\n  \"jobs\" : [\n    {\n      \"jobname\" : \"seq_read_128k\",\n      \"groupid\" : 0,\n      \"error\" : 0,\n      \"eta\" : 2147483647,\n      \"elapsed\" : 1,\n      \"job options\" : {\n        \"name\" : \"seq_read_128k\",\n        \"filename\" : \"/dev/nvme1n1\",\n        \"rw\" : \"read\",\n        \"bs\" : \"128k\",\n        \"iodepth\" : \"32\",\n        \"numjobs\" : \"1\",\n        \"ioengine\" : \"libaio\",\n        \"direct\" : \"1\",\n        \"thread\" : \"1\",\n        \"group_reporting\" : \"1\",\n        \"size\" : \"536870912\",\n        \"offset\" : \"3221225472\"\n      },\n      \"read\" : {\n        \"io_bytes\" : 536870912,\n        \"io_kbytes\" : 524288,\n        \"bw_bytes\" : 2810842471,\n        \"bw\" : 2744963,\n        \"iops\" : 21445.026178,\n        \"runtime\" : 191,\n        \"total_ios\" : 4096,\n        \"short_ios\" : 0,\n        \"drop_ios\" : 0,\n        \"slat_ns\" : {\n          \"min\" : 4305,\n          \"max\" : 53689,\n          \"mean\" : 6215.053711,\n          \"stddev\" : 3506.288924,\n          \"N\" : 4096\n        },\n        \"clat_ns\" : {\n          \"min\" : 575624,\n          \"max\" : 9711526,\n          \"mean\" : 1474202.933350,\n          \"stddev\" : 826785.614699,\n          \"N\" : 4096,\n          \"percentile\" : {\n            \"1.000000\" : 798720,\n            \"5.000000\" : 946176,\n            \"10.000000\" : 1028096,\n            \"20.000000\" : 1204224,\n            \"30.000000\" : 1286144,\n            \"40.000000\" : 1318912,\n            \"50.000000\" : 1335296,\n            \"60.000000\" : 1368064,\n            \"70.000000\" : 1417216,\n            \"80.000000\" : 1499136,\n            \"90.000000\" : 1630208,\n            \"95.000000\" : 1875968,\n            \"99.000000\" : 5603328,\n            \"99.500000\" : 6455296,\n            \"99.900000\" : 9109504,\n            \"99.950000\" : 9502720,\n            \"99.990000\" : 9764864\n          }\n        },\n        \"lat_ns\" : {\n          \"min\" : 581564,\n          \"max\" : 9739824,\n          \"mean\" : 1480475.897461,\n          \"stddev\" : 828426.183496,\n          \"N\" : 4096\n        },\n        \"bw_min\" : 0,\n        \"bw_max\" : 0,\n        \"bw_agg\" : 0.000000,\n        \"bw_mean\" : 0.000000,\n        \"bw_dev\" : 0.000000,\n        \"bw_samples\" : 0,\n        \"iops_min\" : 0,\n        \"iops_max\" : 0,\n        \"iops_mean\" : 0.000000,\n        \"iops_stddev\" : 0.000000,\n        \"iops_samples\" : 0\n      },\n      \"write\" : {\n        \"io_bytes\" : 0,\n        \"io_kbytes\" : 0,\n        \"bw_bytes\" : 0,\n        \"bw\" : 0,\n        \"iops\" : 0.000000,\n        \"runtime\" : 0,\n        \"total_ios\" : 0,\n        \"short_ios\" : 0,\n        \"drop_ios\" : 0,\n        \"slat_ns\" : {\n          \"min\" : 0,\n          \"max\" : 0,\n          \"mean\" : 0.000000,\n          \"stddev\" : 0.000000,\n          \"N\" : 0\n        },\n        \"clat_ns\" : {\n          \"min\" : 0,\n          \"max\" : 0,\n          \"mean\" : 0.000000,\n          \"stddev\" : 0.000000,\n          \"N\" : 0\n        },\n        \"lat_ns\" : {\n          \"min\" : 0,\n          \"max\" : 0,\n          \"mean\" : 0.000000,\n          \"stddev\" : 0.000000,\n          \"N\" : 0\n        },\n        \"bw_min\" : 0,\n        \"bw_max\" : 0,\n        \"bw_agg\" : 0.000000,\n        \"bw_mean\" : 0.000000,\n        \"bw_dev\" : 0.000000,\n        \"bw_samples\" : 0,\n        \"iops_min\" : 0,\n        \"iops_max\" : 0,\n        \"iops_mean\" : 0.000000,\n        \"iops_stddev\" : 0.000000,\n        \"iops_samples\" : 0\n      },\n      \"trim\" : {\n        \"io_bytes\" : 0,\n        \"io_kbytes\" : 0,\n        \"bw_bytes\" : 0,\n        \"bw\" : 0,\n        \"iops\" : 0.000000,\n        \"runtime\" : 0,\n        \"total_ios\" : 0,\n        \"short_ios\" : 0,\n        \"drop_ios\" : 0,\n        \"slat_ns\" : {\n          \"min\" : 0,\n          \"max\" : 0,\n          \"mean\" : 0.000000,\n          \"stddev\" : 0.000000,\n          \"N\" : 0\n        },\n        \"clat_ns\" : {\n          \"min\" : 0,\n          \"max\" : 0,\n          \"mean\" : 0.000000,\n          \"stddev\" : 0.000000,\n          \"N\" : 0\n        },\n        \"lat_ns\" : {\n          \"min\" : 0,\n          \"max\" : 0,\n          \"mean\" : 0.000000,\n          \"stddev\" : 0.000000,\n          \"N\" : 0\n        },\n        \"bw_min\" : 0,\n        \"bw_max\" : 0,\n        \"bw_agg\" : 0.000000,\n        \"bw_mean\" : 0.000000,\n        \"bw_dev\" : 0.000000,\n        \"bw_samples\" : 0,\n        \"iops_min\" : 0,\n        \"iops_max\" : 0,\n        \"iops_mean\" : 0.000000,\n        \"iops_stddev\" : 0.000000,\n        \"iops_samples\" : 0\n      },\n      \"sync\" : {\n        \"total_ios\" : 0,\n        \"lat_ns\" : {\n          \"min\" : 0,\n          \"max\" : 0,\n          \"mean\" : 0.000000,\n          \"stddev\" : 0.000000,\n          \"N\" : 0\n        }\n      },\n      \"job_runtime\" : 190,\n      \"usr_cpu\" : 1.578947,\n      \"sys_cpu\" : 16.315789,\n      \"ctx\" : 2725,\n      \"majf\" : 0,\n      \"minf\" : 1025,\n      \"iodepth_level\" : {\n        \"1\" : 0.100000,\n        \"2\" : 0.100000,\n        \"4\" : 0.100000,\n        \"8\" : 0.195312,\n        \"16\" : 0.390625,\n        \"32\" : 99.243164,\n        \">=64\" : 0.000000\n      },\n      \"iodepth_submit\" : {\n        \"0\" : 0.000000,\n        \"4\" : 100.000000,\n        \"8\" : 0.000000,\n        \"16\" : 0.000000,\n        \"32\" : 0.000000,\n        \"64\" : 0.000000,\n        \">=64\" : 0.000000\n      },\n      \"iodepth_complete\" : {\n        \"0\" : 0.000000,\n        \"4\" : 99.975406,\n        \"8\" : 0.000000,\n        \"16\" : 0.000000,\n        \"32\" : 0.100000,\n        \"64\" : 0.000000,\n        \">=64\" : 0.000000\n      },\n      \"latency_ns\" : {\n        \"2\" : 0.000000,\n        \"4\" : 0.000000,\n        \"10\" : 0.000000,\n        \"20\" : 0.000000,\n        \"50\" : 0.000000,\n        \"100\" : 0.000000,\n        \"250\" : 0.000000,\n        \"500\" : 0.000000,\n        \"750\" : 0.000000,\n        \"1000\" : 0.000000\n      },\n      \"latency_us\" : {\n        \"2\" : 0.000000,\n        \"4\" : 0.000000,\n        \"10\" : 0.000000,\n        \"20\" : 0.000000,\n        \"50\" : 0.000000,\n        \"100\" : 0.000000,\n        \"250\" : 0.000000,\n        \"500\" : 0.000000,\n        \"750\" : 0.512695,\n        \"1000\" : 7.788086\n      },\n      \"latency_ms\" : {\n        \"2\" : 87.524414,\n        \"4\" : 0.927734,\n        \"10\" : 3.247070,\n        \"20\" : 0.000000,\n        \"50\" : 0.000000,\n        \"100\" : 0.000000,\n        \"250\" : 0.000000,\n        \"500\" : 0.000000,\n        \"750\" : 0.000000,\n        \"1000\" : 0.000000,\n        \"2000\" : 0.000000,\n        \">=2000\" : 0.000000\n      },\n      \"latency_depth\" : 32,\n      \"latency_target\" : 0,\n      \"latency_percentile\" : 100.000000,\n      \"latency_window\" : 0\n    }\n  ],\n  \"disk_util\" : [\n    {\n      \"name\" : \"nvme1n1\",\n      \"read_ios\" : 3024,\n      \"write_ios\" : 0,\n      \"read_merges\" : 0,\n      \"write_merges\" : 0,\n      \"read_ticks\" : 4595,\n      \"write_ticks\" : 0,\n      \"in_queue\" : 4594,\n      \"util\" : 59.349593\n    }\n  ]\n}\n",
  "stderr": ""
}