{
  "cmd": "fio --name=rand_read_4k --filename=/dev/nvme1n1 --rw=randread --bs=4k --iodepth=32 --numjobs=1 --ioengine=libaio --direct=1 --thread=1 --group_reporting=1 --size=268435456 --offset=4831838208 --output-format=json",
  "returncode": 0,
  "duration_sec": 1.938,
  "stdout": "{\n  \"fio version\" : \"fio-3.28\",\n  \"timestamp\" : 1773485021,\n  \"timestamp_ms\" : 1773485021522,\n  \"time\" : \"Sat Mar 14 18:43:41 2026\",\n  \"jobs\" : [\n    {\n      \"jobname\" : \"rand_read_4k\",\n      \"groupid\" : 0,\n      \"error\" : 0,\n      \"eta\" : 2147483647,\n      \"elapsed\" : 2,\n      \"job options\" : {\n        \"name\" : \"rand_read_4k\",\n        \"filename\" : \"/dev/nvme1n1\",\n        \"rw\" : \"randread\",\n        \"bs\" : \"4k\",\n        \"iodepth\" : \"32\",\n        \"numjobs\" : \"1\",\n        \"ioengine\" : \"libaio\",\n        \"direct\" : \"1\",\n        \"thread\" : \"1\",\n        \"group_reporting\" : \"1\",\n        \"size\" : \"268435456\",\n        \"offset\" : \"4831838208\"\n      },\n      \"read\" : {\n        \"io_bytes\" : 268435456,\n        \"io_kbytes\" : 262144,\n        \"bw_bytes\" : 161903170,\n        \"bw\" : 158108,\n        \"iops\" : 39527.141134,\n        \"runtime\" : 1658,\n        \"total_ios\" : 65536,\n        \"short_ios\" : 0,\n        \"drop_ios\" : 0,\n        \"slat_ns\" : {\n          \"min\" : 1199,\n          \"max\" : 55929,\n          \"mean\" : 1713.533066,\n          \"stddev\" : 1323.551088,\n          \"N\" : 65536\n        },\n        \"clat_ns\" : {\n          \"min\" : 23316,\n          \"max\" : 23453515,\n          \"mean\" : 807081.042145,\n          \"stddev\" : 1318042.644786,\n          \"N\" : 65536,\n          \"percentile\" : {\n            \"1.000000\" : 66048,\n            \"5.000000\" : 185344,\n            \"10.000000\" : 280576,\n            \"20.000000\" : 362496,\n            \"30.000000\" : 428032,\n            \"40.000000\" : 528384,\n            \"50.000000\" : 626688,\n            \"60.000000\" : 675840,\n            \"70.000000\" : 733184,\n            \"80.000000\" : 888832,\n            \"90.000000\" : 1011712,\n            \"95.000000\" : 1204224,\n            \"99.000000\" : 8454144,\n            \"99.500000\" : 10813440,\n            \"99.900000\" : 14352384,\n            \"99.950000\" : 15400960,\n            \"99.990000\" : 18743296\n          }\n        },\n        \"lat_ns\" : {\n          \"min\" : 24870,\n          \"max\" : 23455616,\n          \"mean\" : 808850.593887,\n          \"stddev\" : 1318048.983967,\n          \"N\" : 65536\n        },\n        \"bw_min\" : 149824,\n        \"bw_max\" : 166448,\n        \"bw_agg\" : 99.851643,\n        \"bw_mean\" : 157874.666667,\n        \"bw_dev\" : 8324.315547,\n        \"bw_samples\" : 3,\n        \"iops_min\" : 37456,\n        \"iops_max\" : 41612,\n        \"iops_mean\" : 39468.666667,\n        \"iops_stddev\" : 2081.078887,\n        \"iops_samples\" : 3\n      },\n      \"write\" : {\n        \"io_bytes\" : 0,\n        \"io_kbytes\" : 0,\n        \"bw_bytes\" : 0,\n        \"bw\" : 0,\n        \"iops\" : 0.000000,\n        \"runtime\" : 0,\n        \"total_ios\" : 0,\n        \"short_ios\" : 0,\n        \"drop_ios\" : 0,\n        \"slat_ns\" : {\n          \"min\" : 0,\n          \"max\" : 0,\n          \"mean\" : 0.000000,\n          \"stddev\" : 0.000000,\n          \"N\" : 0\n        },\n        \"clat_ns\" : {\n          \"min\" : 0,\n          \"max\" : 0,\n          \"mean\" : 0.000000,\n          \"stddev\" : 0.000000,\n          \"N\" : 0\n        },\n        \"lat_ns\" : {\n          \"min\" : 0,\n          \"max\" : 0,\n          \"mean\" : 0.000000,\n          \"stddev\" : 0.000000,\n          \"N\" : 0\n        },\n        \"bw_min\" : 0,\n        \"bw_max\" : 0,\n        \"bw_agg\" : 0.000000,\n        \"bw_mean\" : 0.000000,\n        \"bw_dev\" : 0.000000,\n        \"bw_samples\" : 0,\n        \"iops_min\" : 0,\n        \"iops_max\" : 0,\n        \"iops_mean\" : 0.000000,\n        \"iops_stddev\" : 0.000000,\n        \"iops_samples\" : 0\n      },\n      \"trim\" : {\n        \"io_bytes\" : 0,\n        \"io_kbytes\" : 0,\n        \"bw_bytes\" : 0,\n        \"bw\" : 0,\n        \"iops\" : 0.000000,\n        \"runtime\" : 0,\n        \"total_ios\" : 0,\n        \"short_ios\" : 0,\n        \"drop_ios\" : 0,\n        \"slat_ns\" : {\n          \"min\" : 0,\n          \"max\" : 0,\n          \"mean\" : 0.000000,\n          \"stddev\" : 0.000000,\n          \"N\" : 0\n        },\n        \"clat_ns\" : {\n          \"min\" : 0,\n          \"max\" : 0,\n          \"mean\" : 0.000000,\n          \"stddev\" : 0.000000,\n          \"N\" : 0\n        },\n        \"lat_ns\" : {\n          \"min\" : 0,\n          \"max\" : 0,\n          \"mean\" : 0.000000,\n          \"stddev\" : 0.000000,\n          \"N\" : 0\n        },\n        \"bw_min\" : 0,\n        \"bw_max\" : 0,\n        \"bw_agg\" : 0.000000,\n        \"bw_mean\" : 0.000000,\n        \"bw_dev\" : 0.000000,\n        \"bw_samples\" : 0,\n        \"iops_min\" : 0,\n        \"iops_max\" : 0,\n        \"iops_mean\" : 0.000000,\n        \"iops_stddev\" : 0.000000,\n        \"iops_samples\" : 0\n      },\n      \"sync\" : {\n        \"total_ios\" : 0,\n        \"lat_ns\" : {\n          \"min\" : 0,\n          \"max\" : 0,\n          \"mean\" : 0.000000,\n          \"stddev\" : 0.000000,\n          \"N\" : 0\n        }\n      },\n      \"job_runtime\" : 1657,\n      \"usr_cpu\" : 2.112251,\n      \"sys_cpu\" : 11.526856,\n      \"ctx\" : 27085,\n      \"majf\" : 0,\n      \"minf\" : 33,\n      \"iodepth_level\" : {\n        \"1\" : 0.100000,\n        \"2\" : 0.100000,\n        \"4\" : 0.100000,\n        \"8\" : 0.100000,\n        \"16\" : 0.100000,\n        \"32\" : 99.952698,\n        \">=64\" : 0.000000\n      },\n      \"iodepth_submit\" : {\n        \"0\" : 0.000000,\n        \"4\" : 100.000000,\n        \"8\" : 0.000000,\n        \"16\" : 0.000000,\n        \"32\" : 0.000000,\n        \"64\" : 0.000000,\n        \">=64\" : 0.000000\n      },\n      \"iodepth_complete\" : {\n        \"0\" : 0.000000,\n        \"4\" : 99.998473,\n        \"8\" : 0.000000,\n        \"16\" : 0.000000,\n        \"32\" : 0.100000,\n        \"64\" : 0.000000,\n        \">=64\" : 0.000000\n      },\n      \"latency_ns\" : {\n        \"2\" : 0.000000,\n        \"4\" : 0.000000,\n        \"10\" : 0.000000,\n        \"20\" : 0.000000,\n        \"50\" : 0.000000,\n        \"100\" : 0.000000,\n        \"250\" : 0.000000,\n        \"500\" : 0.000000,\n        \"750\" : 0.000000,\n        \"1000\" : 0.000000\n      },\n      \"latency_us\" : {\n        \"2\" : 0.000000,\n        \"4\" : 0.000000,\n        \"10\" : 0.000000,\n        \"20\" : 0.000000,\n        \"50\" : 0.320435,\n        \"100\" : 2.128601,\n        \"250\" : 5.192566,\n        \"500\" : 29.754639,\n        \"750\" : 34.213257,\n        \"1000\" : 17.216492\n      },\n      \"latency_ms\" : {\n        \"2\" : 7.992554,\n        \"4\" : 0.799561,\n        \"10\" : 1.747131,\n        \"20\" : 0.630188,\n        \"50\" : 0.010000,\n        \"100\" : 0.000000,\n        \"250\" : 0.000000,\n        \"500\" : 0.000000,\n        \"750\" : 0.000000,\n        \"1000\" : 0.000000,\n        \"2000\" : 0.000000,\n        \">=2000\" : 0.000000\n      },\n      \"latency_depth\" : 32,\n      \"latency_target\" : 0,\n      \"latency_percentile\" : 100.000000,\n      \"latency_window\" : 0\n    }\n  ],\n  \"disk_util\" : [\n    {\n      \"name\" : \"nvme1n1\",\n      \"read_ios\" : 64516,\n      \"write_ios\" : 0,\n      \"read_merges\" : 0,\n      \"write_merges\" : 0,\n      \"read_ticks\" : 52043,\n      \"write_ticks\" : 0,\n      \"in_queue\" : 52043,\n      \"util\" : 94.269341\n    }\n  ]\n}\n",
  "stderr": ""
}