{
  "cmd": "fio --name=randrw_4k_70read --filename=/dev/nvme1n1 --rw=randrw --bs=4k --iodepth=32 --numjobs=1 --ioengine=libaio --direct=1 --thread=1 --group_reporting=1 --size=268435456 --offset=5368709120 --output-format=json --rwmixread=70",
  "returncode": 0,
  "duration_sec": 1.484,
  "stdout": "{\n  \"fio version\" : \"fio-3.28\",\n  \"timestamp\" : 1773485023,\n  \"timestamp_ms\" : 1773485023006,\n  \"time\" : \"Sat Mar 14 18:43:43 2026\",\n  \"jobs\" : [\n    {\n      \"jobname\" : \"randrw_4k_70read\",\n      \"groupid\" : 0,\n      \"error\" : 0,\n      \"eta\" : 2147483647,\n      \"elapsed\" : 2,\n      \"job options\" : {\n        \"name\" : \"randrw_4k_70read\",\n        \"filename\" : \"/dev/nvme1n1\",\n        \"rw\" : \"randrw\",\n        \"bs\" : \"4k\",\n        \"iodepth\" : \"32\",\n        \"numjobs\" : \"1\",\n        \"ioengine\" : \"libaio\",\n        \"direct\" : \"1\",\n        \"thread\" : \"1\",\n        \"group_reporting\" : \"1\",\n        \"size\" : \"268435456\",\n        \"offset\" : \"5368709120\",\n        \"rwmixread\" : \"70\"\n      },\n      \"read\" : {\n        \"io_bytes\" : 188047360,\n        \"io_kbytes\" : 183640,\n        \"bw_bytes\" : 158689755,\n        \"bw\" : 154970,\n        \"iops\" : 38742.616034,\n        \"runtime\" : 1185,\n        \"total_ios\" : 45910,\n        \"short_ios\" : 0,\n        \"drop_ios\" : 0,\n        \"slat_ns\" : {\n          \"min\" : 1195,\n          \"max\" : 47223,\n          \"mean\" : 1760.932172,\n          \"stddev\" : 1344.347148,\n          \"N\" : 45910\n        },\n        \"clat_ns\" : {\n          \"min\" : 17133,\n          \"max\" : 24308833,\n          \"mean\" : 815792.921695,\n          \"stddev\" : 1289744.669867,\n          \"N\" : 45910,\n          \"percentile\" : {\n            \"1.000000\" : 67072,\n            \"5.000000\" : 179200,\n            \"10.000000\" : 292864,\n            \"20.000000\" : 407552,\n            \"30.000000\" : 473088,\n            \"40.000000\" : 536576,\n            \"50.000000\" : 610304,\n            \"60.000000\" : 684032,\n            \"70.000000\" : 765952,\n            \"80.000000\" : 856064,\n            \"90.000000\" : 995328,\n            \"95.000000\" : 1236992,\n            \"99.000000\" : 8585216,\n            \"99.500000\" : 10551296,\n            \"99.900000\" : 13565952,\n            \"99.950000\" : 14876672,\n            \"99.990000\" : 21889024\n          }\n        },\n        \"lat_ns\" : {\n          \"min\" : 18561,\n          \"max\" : 24310216,\n          \"mean\" : 817614.870616,\n          \"stddev\" : 1289751.645562,\n          \"N\" : 45910\n        },\n        \"bw_min\" : 152608,\n        \"bw_max\" : 154248,\n        \"bw_agg\" : 99.004672,\n        \"bw_mean\" : 153428.000000,\n        \"bw_dev\" : 1159.655121,\n        \"bw_samples\" : 2,\n        \"iops_min\" : 38152,\n        \"iops_max\" : 38562,\n        \"iops_mean\" : 38357.000000,\n        \"iops_stddev\" : 289.913780,\n        \"iops_samples\" : 2\n      },\n      \"write\" : {\n        \"io_bytes\" : 80388096,\n        \"io_kbytes\" : 78504,\n        \"bw_bytes\" : 67838055,\n        \"bw\" : 66248,\n        \"iops\" : 16562.025316,\n        \"runtime\" : 1185,\n        \"total_ios\" : 19626,\n        \"short_ios\" : 0,\n        \"drop_ios\" : 0,\n        \"slat_ns\" : {\n          \"min\" : 1186,\n          \"max\" : 32894,\n          \"mean\" : 1896.348874,\n          \"stddev\" : 1295.907174,\n          \"N\" : 19626\n        },\n        \"clat_ns\" : {\n          \"min\" : 6029,\n          \"max\" : 235676,\n          \"mean\" : 15414.238052,\n          \"stddev\" : 7729.254460,\n          \"N\" : 19626,\n          \"percentile\" : {\n            \"1.000000\" : 10304,\n            \"5.000000\" : 10944,\n            \"10.000000\" : 11072,\n            \"20.000000\" : 11456,\n            \"30.000000\" : 11712,\n            \"40.000000\" : 12352,\n            \"50.000000\" : 13248,\n            \"60.000000\" : 14528,\n            \"70.000000\" : 15936,\n            \"80.000000\" : 18048,\n            \"90.000000\" : 21888,\n            \"95.000000\" : 25728,\n            \"99.000000\" : 37632,\n            \"99.500000\" : 48384,\n            \"99.900000\" : 93696,\n            \"99.950000\" : 187392,\n            \"99.990000\" : 226304\n          }\n        },\n        \"lat_ns\" : {\n          \"min\" : 11105,\n          \"max\" : 244786,\n          \"mean\" : 17371.298278,\n          \"stddev\" : 8142.187266,\n          \"N\" : 19626\n        },\n        \"bw_min\" : 64920,\n        \"bw_max\" : 66352,\n        \"bw_agg\" : 99.076048,\n        \"bw_mean\" : 65636.000000,\n        \"bw_dev\" : 1012.576911,\n        \"bw_samples\" : 2,\n        \"iops_min\" : 16230,\n        \"iops_max\" : 16588,\n        \"iops_mean\" : 16409.000000,\n        \"iops_stddev\" : 253.144228,\n        \"iops_samples\" : 2\n      },\n      \"trim\" : {\n        \"io_bytes\" : 0,\n        \"io_kbytes\" : 0,\n        \"bw_bytes\" : 0,\n        \"bw\" : 0,\n        \"iops\" : 0.000000,\n        \"runtime\" : 0,\n        \"total_ios\" : 0,\n        \"short_ios\" : 0,\n        \"drop_ios\" : 0,\n        \"slat_ns\" : {\n          \"min\" : 0,\n          \"max\" : 0,\n          \"mean\" : 0.000000,\n          \"stddev\" : 0.000000,\n          \"N\" : 0\n        },\n        \"clat_ns\" : {\n          \"min\" : 0,\n          \"max\" : 0,\n          \"mean\" : 0.000000,\n          \"stddev\" : 0.000000,\n          \"N\" : 0\n        },\n        \"lat_ns\" : {\n          \"min\" : 0,\n          \"max\" : 0,\n          \"mean\" : 0.000000,\n          \"stddev\" : 0.000000,\n          \"N\" : 0\n        },\n        \"bw_min\" : 0,\n        \"bw_max\" : 0,\n        \"bw_agg\" : 0.000000,\n        \"bw_mean\" : 0.000000,\n        \"bw_dev\" : 0.000000,\n        \"bw_samples\" : 0,\n        \"iops_min\" : 0,\n        \"iops_max\" : 0,\n        \"iops_mean\" : 0.000000,\n        \"iops_stddev\" : 0.000000,\n        \"iops_samples\" : 0\n      },\n      \"sync\" : {\n        \"total_ios\" : 0,\n        \"lat_ns\" : {\n          \"min\" : 0,\n          \"max\" : 0,\n          \"mean\" : 0.000000,\n          \"stddev\" : 0.000000,\n          \"N\" : 0\n        }\n      },\n      \"job_runtime\" : 1184,\n      \"usr_cpu\" : 3.716216,\n      \"sys_cpu\" : 15.709459,\n      \"ctx\" : 27592,\n      \"majf\" : 0,\n      \"minf\" : 1,\n      \"iodepth_level\" : {\n        \"1\" : 0.100000,\n        \"2\" : 0.100000,\n        \"4\" : 0.100000,\n        \"8\" : 0.100000,\n        \"16\" : 0.100000,\n        \"32\" : 99.952698,\n        \">=64\" : 0.000000\n      },\n      \"iodepth_submit\" : {\n        \"0\" : 0.000000,\n        \"4\" : 100.000000,\n        \"8\" : 0.000000,\n        \"16\" : 0.000000,\n        \"32\" : 0.000000,\n        \"64\" : 0.000000,\n        \">=64\" : 0.000000\n      },\n      \"iodepth_complete\" : {\n        \"0\" : 0.000000,\n        \"4\" : 99.998473,\n        \"8\" : 0.000000,\n        \"16\" : 0.000000,\n        \"32\" : 0.100000,\n        \"64\" : 0.000000,\n        \">=64\" : 0.000000\n      },\n      \"latency_ns\" : {\n        \"2\" : 0.000000,\n        \"4\" : 0.000000,\n        \"10\" : 0.000000,\n        \"20\" : 0.000000,\n        \"50\" : 0.000000,\n        \"100\" : 0.000000,\n        \"250\" : 0.000000,\n        \"500\" : 0.000000,\n        \"750\" : 0.000000,\n        \"1000\" : 0.000000\n      },\n      \"latency_us\" : {\n        \"2\" : 0.000000,\n        \"4\" : 0.000000,\n        \"10\" : 0.138855,\n        \"20\" : 25.636292,\n        \"50\" : 4.283142,\n        \"100\" : 1.502991,\n        \"250\" : 3.529358,\n        \"500\" : 18.678284,\n        \"750\" : 23.991394,\n        \"1000\" : 15.333557\n      },\n      \"latency_ms\" : {\n        \"2\" : 4.559326,\n        \"4\" : 0.680542,\n        \"10\" : 1.223755,\n        \"20\" : 0.434875,\n        \"50\" : 0.010000,\n        \"100\" : 0.000000,\n        \"250\" : 0.000000,\n 